<?xml version="1.0" encoding="UTF-8"?>
<!--
  Licensed to the Apache Software Foundation (ASF) under one or more
  contributor license agreements.  See the NOTICE file distributed with
  this work for additional information regarding copyright ownership.
  The ASF licenses this file to You under the Apache License, Version 2.0
  (the "License"); you may not use this file except in compliance with
  the License.  You may obtain a copy of the License at

      http://www.apache.org/licenses/LICENSE-2.0

  Unless required by applicable law or agreed to in writing, software
  distributed under the License is distributed on an "AS IS" BASIS,
  WITHOUT WARRANTIES OR CONDITIONS OF ANY KIND, either express or implied.
  See the License for the specific language governing permissions and
  limitations under the License.
-->
<!--
  XML file for importing apache jk status ant tasks.
  <import file="${jkstatus.home}/lib/jkstatus-tasks.xml"/>
-->

<project name="jkstatus-tasks" >
  <description>Apache mod_jk ant jkstatus Tasks</description>
  <!-- set jkstatus.home if it's not already set -->
  <dirname property="jkstatus.home.bin.dir" file="${ant.file.jkstatus-tasks}"/>
  <property name="jkstatus.home" value="${jkstatus.home.bin.dir}/.."/>
  <path id="jkstatus.path">
      <fileset dir="${jkstatus.home}/bin">
          <include name="commons-logging-api-*.jar"/>
      </fileset>
      <pathelement location="${jkstatus.home}/lib/catalina-ant.jar"/>
      <pathelement location="${jkstatus.home}/lib/tomcat-jkstatus-ant.jar"/>
      <pathelement location="${jkstatus.home}/lib/tomcat-util.jar"/>
  </path>

  <taskdef resource="org/apache/jk/status/jkstatus.tasks">
       <classpath refid="jkstatus.path"/>
  </taskdef>

</project>