<?xml version="1.0" encoding="UTF-8"?>
<!--
  Licensed to the Apache Software Foundation (ASF) under one or more
  contributor license agreements.  See the NOTICE file distributed with
  this work for additional information regarding copyright ownership.
  The ASF licenses this file to You under the Apache License, Version 2.0
  (the "License"); you may not use this file except in compliance with
  the License.  You may obtain a copy of the License at

      http://www.apache.org/licenses/LICENSE-2.0

  Unless required by applicable law or agreed to in writing, software
  distributed under the License is distributed on an "AS IS" BASIS,
  WITHOUT WARRANTIES OR CONDITIONS OF ANY KIND, either express or implied.
  See the License for the specific language governing permissions and
  limitations under the License.
-->
<!-- @author Peter Rossbach -->

<project name="status" 
         default="status" basedir=".">

    <property name="profile" value=""/>
    <property file="jkstatus${profile}.properties"/>
    <property file="jkstatus${profile}.properties.default"/>
 
    <path id="jkstatus.path">
      <fileset dir="${catalina.home}/bin">
          <include name="commons-logging-api-*.jar"/>
      </fileset>
      <pathelement location="${catalina.home}/server/lib/catalina-ant.jar"/>
      <pathelement location="../dist/tomcat-jkstatus-ant.jar"/>
      <pathelement location="${catalina.home}/server/lib/tomcat-util.jar"/>
    </path>

    <taskdef resource="org/apache/jk/status/jkstatus.tasks">
       <classpath refid="jkstatus.path"/>
    </taskdef>

    <!--
       ########################################################################################################
       public
       ########################################################################################################
    -->   
    <target name="status"
            depends="-status-modjk-access" 
            description="got jk status" />

    <target name="reset"
            depends="-status-modjk-reset" 
            description="reset jk status" />
    
   <!--
       ########################################################################################################
       private
       ########################################################################################################
    -->   
	  <target name="-status-modjk-access">
	      <jkStatus url="${jkstatus.url}" 
	                username="${jkstatus.username}"
	                password="${jkstatus.password}"
	                resultproperty="jkstatus.before"
	      	        echo="on"
	                failOnError="off"/>
	      <echoproperties prefix="jkstatus" />           
 	      <jkUpdateWorker url="${jkstatus.url}" 
	               username="${jkstatus.username}"
	               password="${jkstatus.password}"
	               loadbalancer="${jkstatus.testlb}"
	               worker="${jkstatus.testworker}"
	               domain="d20"
	               />
	      <jkUpdateLoadbalancer url="${jkstatus.url}" 
	               username="${jkstatus.username}"
	               password="${jkstatus.password}"
	               loadbalancer="${jkstatus.testlb}"
	      		   method="Sessions"
	               />
	      <jkStatus url="${jkstatus.url}" 
	                username="${jkstatus.username}"
	                password="${jkstatus.password}"
	                resultproperty="workerafter"
	                failOnError="false"/>
	      <echoproperties prefix="jkstatus.after" />
	   </target>        

   <target name="-status-modjk-reset">
      <jkStatus url="${jkstatus.url}" 
                username="${jkstatus.username}"
                password="${jkstatus.password}"
                resultproperty="jkstatus.before"
                failOnError="false"/>
      <echoproperties prefix="jkstatus.before" />   
        
      <jkReset  url="${jkstatus.url}" 
                username="${jkstatus.username}"
                password="${jkstatus.password}"
                loadbalancer="${jkstatus.testlb}"
		        worker="${jkstatus.testworker}"
       />

       <jkStatus url="${jkstatus.url}" 
                username="${jkstatus.username}"
                password="${jkstatus.password}"
                resultproperty="jkstatus.after"
                failOnError="false"/>
      <echoproperties prefix="jkstatus.after" />
   </target>           

	
</project>
