<?xml version="1.0"?>
<!--
  Licensed to the Apache Software Foundation (ASF) under one or more
  contributor license agreements.  See the NOTICE file distributed with
  this work for additional information regarding copyright ownership.
  The ASF licenses this file to You under the Apache License, Version 2.0
  (the "License"); you may not use this file except in compliance with
  the License.  You may obtain a copy of the License at

      http://www.apache.org/licenses/LICENSE-2.0

  Unless required by applicable law or agreed to in writing, software
  distributed under the License is distributed on an "AS IS" BASIS,
  WITHOUT WARRANTIES OR CONDITIONS OF ANY KIND, either express or implied.
  See the License for the specific language governing permissions and
  limitations under the License.
-->
<!DOCTYPE document [
  <!ENTITY project SYSTEM "project.xml">
]>
<document url="20060101.html">
 
  &project;
 
  <properties>
    <author email="general.AT.tomcat.DOT.apache.DOT.org">Apache Tomcat Connectors Project</author>
    <title>2006 News and Status</title>
  </properties>

<body>

<section name="2006 News &amp; Status">
<br />
<a name="20061210.1"> 
<h3>10 December - JK-1.2.20 released</h3>
</a>
<p>The Apache Tomcat team is proud to announce the immediate availability
of Tomcat Connectors 1.2.20. This is a stable release adding new features
and a few bug fixes to version 1.2.19.
Furthermore the documentation has been reorganised.
</p>
<p>
 Please see the <a href="../miscellaneous/changelog.html">ChangeLog</a> for a full list of changes.
</p>
<p>If you find any bugs while using this release, please fill in the
<a href="http://issues.apache.org/bugzilla/enter_bug.cgi?product=Tomcat%205">Bugzilla</a>
Bug Report. When entering bug select <b>Native:JK</b> Component.
</p>
<hr size="1" noshade="noshade" />

<a name="20060917.1"> 
<h3>17 September - JK-1.2.19 released</h3>
</a>
<p>The Apache Tomcat team is proud to announce the immediate availability
of Tomcat Connectors 1.2.19. This is a stable release adding some features
and a few bug fixes to version 1.2.18.
Furthermore the non-functional code trees for isapi and domino have been removed.
</p>
<p>
 Please see the <a href="../miscellaneous/changelog.html">ChangeLog</a> for a full list of changes.
</p>
<p>If you find any bugs while using this release, please fill in the
<a href="http://issues.apache.org/bugzilla/enter_bug.cgi?product=Tomcat%205">Bugzilla</a>
Bug Report. When entering bug select <b>Native:JK</b> Component.
</p>
<hr size="1" noshade="noshade" />

<a name="20060720.1"> 
<h3>13 July - JK-1.2.18 released</h3>
</a>
<p>The Apache Tomcat team is proud to announce the immediate availability
of Tomcat Connectors 1.2.18. This is a stable release adding
a few bug fixes to the not released 1.2.17 version.
</p>
<p>
 Please see the <a href="../miscellaneous/changelog.html">ChangeLog</a> for a full list of changes.
</p>
<p>If you find any bugs while using this release, please fill in the
<a href="http://issues.apache.org/bugzilla/enter_bug.cgi?product=Tomcat%205">Bugzilla</a>
Bug Report. When entering bug select <b>Native:JK</b> Component.
</p>
<hr size="1" noshade="noshade" />

<a name="20060708.1"> 
<h3>JK-1.2.17 not released</h3>
</a>
<p>Version 1.2.17 of Tomcat Connectors 1.2.17 has not been released 
due to a bug in the types chosen for socket arguments.
</p>
<p>
 Please see the <a href="../miscellaneous/changelog.html">ChangeLog</a> for a full list of changes.
</p>
<hr size="1" noshade="noshade" />

<a name="20060606.1"> 
<h3>JK-1.2.16 not released</h3>
</a>
<p>Version 1.2.16 of Tomcat Connectors 1.2.16 has not been released 
due to a bug in the jk status worker. This version adds some features
and a few bug fixes to the 1.2.15 version. Furthermore some worker attributes
have been <a href="../reference/workers.html">deprecated</a>.
</p>
<p>
 Please see the <a href="../miscellaneous/changelog.html">ChangeLog</a> for a full list of changes.
</p>
<hr size="1" noshade="noshade" />

</section>
</body>
</document>  
