<?xml version="1.0"?>
<!--
  Licensed to the Apache Software Foundation (ASF) under one or more
  contributor license agreements.  See the NOTICE file distributed with
  this work for additional information regarding copyright ownership.
  The ASF licenses this file to You under the Apache License, Version 2.0
  (the "License"); you may not use this file except in compliance with
  the License.  You may obtain a copy of the License at

      http://www.apache.org/licenses/LICENSE-2.0

  Unless required by applicable law or agreed to in writing, software
  distributed under the License is distributed on an "AS IS" BASIS,
  WITHOUT WARRANTIES OR CONDITIONS OF ANY KIND, either express or implied.
  See the License for the specific language governing permissions and
  limitations under the License.
-->
<!DOCTYPE document [
  <!ENTITY project SYSTEM "project.xml">
]>
<document url="20070301.html">
 
  &project;
 
  <properties>
    <author email="general.AT.tomcat.DOT.apache.DOT.org">Apache Tomcat Connectors Project</author>
    <title>2007 News and Status</title>
  </properties>

<body>

<section name="2007 News &amp; Status">
<br />
<a name="20071221.1"> 
<h3>21 December - JK-1.2.26 released</h3>
</a>
<p>The Apache Tomcat team is proud to announce the immediate availability
of Tomcat Connectors 1.2.26. This is a stable release adding few new features
and some bug fixes.
</p><p>
 Please see the <a href="../miscellaneous/changelog.html">ChangeLog</a> for a full list of changes.
</p>
<p>If you find any bugs while using this release, please fill in the
<a href="http://issues.apache.org/bugzilla/enter_bug.cgi?product=Tomcat%206">Bugzilla</a>
Bug Report. When entering bug select <b>Native:JK</b> Component.
</p>
<hr size="1" noshade="noshade" />
<a name="20070807.1"> 
<h3>7 August - JK-1.2.25 released</h3>
</a>
<p>The Apache Tomcat team is proud to announce the immediate availability
of Tomcat Connectors 1.2.25. This is a stable release adding new features
and a few bug fixes.
</p><p>
 Please see the <a href="../miscellaneous/changelog.html">ChangeLog</a> for a full list of changes.
</p>
<p>If you find any bugs while using this release, please fill in the
<a href="http://issues.apache.org/bugzilla/enter_bug.cgi?product=Tomcat%206">Bugzilla</a>
Bug Report. When entering bug select <b>Native:JK</b> Component.
</p>
<hr size="1" noshade="noshade" />
<a name="20070727.1"> 
<h3>27 July - JK-1.2.24 released</h3>
</a>
<p><b>This release has been withdrawn.</b>
</p>
<hr size="1" noshade="noshade" />
<a name="20070518.1"> 
<h3>18 May - JK-1.2.23 released</h3>
</a>
<p>The Apache Tomcat team is proud to announce the immediate availability
of Tomcat Connectors 1.2.23. This is a stable release adding new features
and a few bug fixes to version 1.2.23.
</p><p>
It fixes an <a href="http://tomcat.apache.org/security-jk.html">Important vulnerability</a>.
</p><p>
 Please see the <a href="../miscellaneous/changelog.html">ChangeLog</a> for a full list of changes.
</p>
<p>If you find any bugs while using this release, please fill in the
<a href="http://issues.apache.org/bugzilla/enter_bug.cgi?product=Tomcat%205">Bugzilla</a>
Bug Report. When entering bug select <b>Native:JK</b> Component.
</p>
<hr size="1" noshade="noshade" />
<a name="20070417.1"> 
<h3>17 April - JK-1.2.22 released</h3>
</a>
<p>The Apache Tomcat team is proud to announce the immediate availability
of Tomcat Connectors 1.2.22. This is a stable release adding new features
and a few bug fixes to version 1.2.22.
</p><p>
 Please see the <a href="../miscellaneous/changelog.html">ChangeLog</a> for a full list of changes.
</p>
<p>If you find any bugs while using this release, please fill in the
<a href="http://issues.apache.org/bugzilla/enter_bug.cgi?product=Tomcat%205">Bugzilla</a>
Bug Report. When entering bug select <b>Native:JK</b> Component.
</p>
<hr size="1" noshade="noshade" />
<a name="20070301.1"> 
<h3>1 March - JK-1.2.21 released</h3>
</a>
<p>The Apache Tomcat team is proud to announce the immediate availability
of Tomcat Connectors 1.2.21. This is a stable release adding new features
and a few bug fixes to version 1.2.20.
</p><p>
It fixes a <a href="http://tomcat.apache.org/security-jk.html">Critical vulnerability</a> introduced in version 1.2.19
</p><p>
 Please see the <a href="../miscellaneous/changelog.html">ChangeLog</a> for a full list of changes.
</p>
<p>If you find any bugs while using this release, please fill in the
<a href="http://issues.apache.org/bugzilla/enter_bug.cgi?product=Tomcat%205">Bugzilla</a>
Bug Report. When entering bug select <b>Native:JK</b> Component.
</p>
<hr size="1" noshade="noshade" />

</section>
</body>
</document>  
